{
    "numberOfSongs": 12,
    "songs": [
      {
        "artist": "Adele",
        "title": "Set Fire To The Rain",
        "path": "Adele - Set Fire To The Rain (Impression Re-Boot).mp3",
        "cover": "01.png"
      },
      {
        "artist": "Beyoncé",
        "title": "Best Thing I Never Had",
        "path": "Beyoncé - Best Thing I Never Had.mp3",
        "cover": "02.png"
      },
      {
        "artist": "Calvin Harris",
        "title": "Feel So Close",
        "path": "Calvin Harris - Feel so Close - Lyrics (HD).mp3",
        "cover": "03.png"
      },
      {
        "artist": "Green Day",
        "title": "Revolution",
        "path": "Green Day - Revolution.mp3",
        "cover": "04.png"
      },
      {
        "artist": "Jeson Derulo",
        "title": "Don't Wanna Go Home",
        "path": "Jason Derulo - Don't Wanna Go Home (HIGH QUALITY   LYRICS).mp3",
        "cover": "05.png"
      },
      {
        "artist": "Katy Perry",
        "title": "Last Friday Night",
        "path": "Katy perry - Last Friday Night(T.G.I.F) with lyrics in HD.mp3",
        "cover": "06.png"
      },
      {
        "artist": "David Guetta",
        "title": "Little Bad Girl",
        "path": "Little Bad Girl (Official Lyric Video).mp3",
        "cover": "07.png"
      },
      {
        "artist": "Maroon5",
        "title": "Don't Wanna Know",
        "path": "Maroon5 - Don't Wanna Know.mp3",
        "cover": "08.png"
      },
      {
        "artist": "Bruno Mars",
        "title": "Marry You",
        "path": "Marry You - Bruno Mars ( Lyrics ).mp3",
        "cover": "09.png"
      },
      {
        "artist": "Maroon5",
        "title": "Moves Like Jagger",
        "path": "Moves Like Jagger [HQ Sound] (Lyrics in description).mp3",
        "cover": "10.png"
      },
      {
        "artist": "Olly Murs",
        "title": "Heart Skips A Beat",
        "path": "Olly Murs-Heart Skips A Beat.(HD Full Lyrics Download New Song 2011).mp3",
        "cover": "11.png"
      },
      {
        "artist": "Sia",
        "title": "Move Your Body",
        "path": "Sia - Move Your Body.mp3",
        "cover": "12.png"
      }
    ]
}